model,prompt,total,fp,hallucination_rate
gpt-4o,baseline,816,140,0.1715686274509804
gpt-4o,misleading1,816,137,0.16789215686274508
gpt-4o,mitigate1,816,107,0.13112745098039216
gpt-5.1,baseline,816,120,0.14705882352941177
gpt-5.1,misleading1,816,129,0.15808823529411764
gpt-5.1,mitigate1,816,107,0.13112745098039216
